시군구,단지명,면적,거래금액
강원특별자치도 강릉시 교동,강릉교동롯데캐슬1단지,135.1727,34300.0
강원특별자치도 강릉시 교동,강릉교동롯데캐슬2단지,135.1008,37300.0
강원특별자치도 강릉시 교동,교동이-편한세상,152.24,41000.0
강원특별자치도 강릉시 교동,교동이-편한세상,123.7566,32500.0
강원특별자치도 강릉시 입암동,강릉입암동금호어울림,157.22,31500.0
강원특별자치도 속초시 금호동,보람레이크더하임,156.76,34500.0
강원특별자치도 원주시 무실동,무실e-편한세상,124.3934,40500.0
강원특별자치도 원주시 무실동,무실e-편한세상,124.1326,37000.0
강원특별자치도 원주시 무실동,무실e-편한세상,153.7215,44600.0
강원특별자치도 원주시 반곡동,원주반곡아이파크,158.4784,40700.0
강원특별자치도 원주시 판부면 서곡리,원주더샵아파트,157.316,34000.0
강원특별자치도 춘천시 석사동,현진에버빌2차,126.25,35500.0
강원특별자치도 춘천시 석사동,현진에버빌2차,126.25,31200.0
강원특별자치도 춘천시 우두동,롯데인벤스,173.7,36500.0
강원특별자치도 춘천시 퇴계동,휴먼시아남춘천1단지,121.95,34000.0
강원특별자치도 춘천시 후평동,춘천더샵,145.5773,30900.0
