She is a vegetarian,그녀는 채식주의자입니다
She does not eat meat,그녀는 고기를 먹지 않습니다
She thinks that animals should not be killed,그녀는 동물을 죽이지 말아야한다고 생각합니다
It is hard for her to hang out with people,그녀가 사람들과 어울리는 것은 어렵습니다
Many people like to eat meat,많은 사람들이 고기를 좋아합니다
She told his parents not to have meat,그녀는 부모에게 고기를 먹지 말라고 말했습니다
They laughed at her,그들은 그녀를 비웃었다
She realized they couldn't give up meat.,그녀는 그들이 고기를 포기할 수 없다는 것을 깨달았습니다
